name,activities,overview,links,phone,email,location
Adaptive Sports Association,"Adaptive Snowboarding, Skiing, Sit Skiing, Cycling, Rifton Cycling, Flawwater Canoeing, Kayaking & Rafting","Adaptive Sports Association’s programs help to enrich and transform the lives of people with disabilities through sports and recreation. By working with participants to overcome physical and cognitive challenges in a supportive environment, ASA helps participants explore possibilities. Through sports and recreation, participants meet positive role models, increase socialization skills, improve physical fitness and combat depression. Personalities blossom and self-esteem soars as our students challenge themselves physically and emotionally and experience success.",http://asadurango.com/,970-403-6522,info@asadurango.com,"47 Skier Place, Durango, CO 81301"
Adaptive Sports Center of Crested Butte,"Skiing, Snowboarding, Nordic Skiing, Ice Climbing, Snowshoeing, Canoeing, Kayaking, Rafting, Cycling, Hike, Rock Climbing","The Adaptive Sports Center’s objective is to set the standard of excellence for adaptive recreation and adventure programming. Through providing year-round activities the ASC will focus on being the model in adaptive adventure recreation. By incorporating the latest therapeutic recreation practices, professional facilitation, and utilizing state-of-the-art equipment, we will provide programming that has a lasting impact on the quality of our participants' lives.",https://www.adaptivesports.org,970-349-2296,justin@adaptivesports.org,"Location:Winter Sports: 19 Emmons Road Mount Crested Butte, CO 81225Summer Sports: 325 Belleview Ave. Crested Butte, CO 81224"
Breckenridge Outdoor Education Center,"Adaptive Skiing, Adaptive Snowboarding, Nordic Skiing, Snowshoeing","THE MISSION OF BRECKENRIDGE OUTDOOR EDUCATION CENTER IS TO EXPAND THE POTENTIAL OF PEOPLE WITH DISABILITIES AND SPECIAL NEEDS THROUGH MEANINGFUL, EDUCATIONAL, AND INSPIRING OUTDOOR EXPERIENCES.",https://boec.org,970-453-5633,skiprog@boec.org,"655 S. Park Ave. Breckenridge, CO 80424"
Challenge Aspen ,"Rafting, Hiking, Fishing, Archery, Horseback Riding, Sailing, Bowling, Skiing, Snowboarding, Snow Tubing, Ice Skating, Dog Sledding","Challenge Aspen is dedicated to impacting lives through year-round adaptive experiences for individuals faced with cognitive and/or physical disabilities. Challenge Aspen creates life-changing opportunities by encouraging participation in activities designed to redefine limits, recognize abilities, and transfer newfound courage to everyday life.",https://challengeaspen.org,970-923-0578,info@adaptiveadventures.org,"Snowmass Village, CO 81615"
City of Colorado Springs Parks and Recreation﻿,"Boxing, Adaptive Cycling, Boccia, Archery, Adaptive Golf, Whitewater Rafting, Adaptive Kayaking, Paddleboarding",The Therapeutic Recreation Program (TRP) provides opportunities for youth and adults with disabilities to acquire skills that enable them to participate in leisure experiences of their choice and enhance their abilities to function within a community setting.,https://coloradosprings.gov/parks/page/therapeutic-recreation-program-trp,719-385-6964,Felicia.barnhart@coloradosprings.gov,"1315 East Pikes Peak Avenue Colorado Springs, CO 80909"
Colorado Discover Ability,Skiing & Cycling,"﻿We create year-round adaptive recreation experiences for people with disabilities We provide independent participation, unique experiences, and enriching opportunities for recreators, and volunteers alike. Our programs are like no other... because our PEOPLE are like no other.",https://www.coloradodiscoverability.org,970-257-1222,office@cdagj.org,"601 Struthers Ave. Grand Junction, CO 81502"
Community Saling of Colorado,Adaptive Sailing,"We're Community Sailing of Colorado, a nonprofit organization promoting fun, learning, and growth through the sport of sailing in Colorado. We focus on teaching new skills and empower our sailors to be an active participant. This is not going for a sailboat ride as you are at the helm. Our fleet can handle all types of sailors from first-timers to those looking for a new experience. Our dockside lift (at Cherry Creek Reservoir) can set you in the water with ease to ensure safe passage. We have our fleet of Access 303 Sailboats, and RS Venture Keel 18’s.",https://www.communitysailing.org,303-757-7718,admin@communitysailing.org,"4800 S Dayton St Greenwood Village, CO 80111"
National Sports Center for the Disabled,"Alpine Skiing, Snowboarding, Ski-Biking, Cross Country Skiing, River Rafting, Archery/Air Gun, Canoeing, Fishing, Kayaking, Rock Climbing, Sailing, Horseback Riding","The NSCD offers adaptive lessons for individuals and groups of people with disabilities in a variety of action sports, adventure sports, and competitive programs. Athletes with any physical, cognitive, emotional, or behavioral diagnosis can participate in sports and recreation programs year-round in Colorado’s Front Range and mountains. The NSCD’s recreational athletes build self-confidence and improve overall health in programs such as skiing, rock climbing, paddle sports, and therapeutic horseback riding. The NSCD’s competition program offers a way for independent athletes to compete at an elite level in international alpine and Nordic competitions and to thrive in the camaraderie of the NSCD team environment.",https://nscd.org,970-726-1518,info@nscd.org,"1801 Mile High Stadium Circle Denver, CO 80204"
STARS Steamboat Springs,"Alpine Skiing, Nordic Skiing, Snowboarding, Snowshoeing, Archery, Cycling, Hiking, Horseback Riding, Mountain Biking, Paddle Sports, Water Skiing","We believe that adaptive recreation can positively impact the lives of individuals with disabilities and their families.  STARS programs help individuals to discover the outdoors and teach skills to overcome health challenges as well as develop confidence, self-esteem, and independence. We use skiing, cycling, therapeutic horseback riding, kayaking, and other activities to empower people with disabilities. Through these activities, we help to reduce depression and isolation while helping to increase physical activity, self-sufficiency, and hope in our participants. We believe that through our programs that we help to strengthen families and communities and advance individuals to become productive and responsible citizens.",https://steamboatstars.com,970-870-1950,info@steamboatstars.com,"35465 US Hwy 40 Steamboat Springs, CO 80487"
Telluride Sports Program,"Skiing, Snowboarding, Snowshoeing, Nordic Skiing, Ice Climbing, Heli-Skiing, Fishing, Bikin, Bocce Ball, Horseback Riding, Canoeing, Rock Climbing, SUP Boarding, Hiking, Mountain Biking","During the winter, we accomplish our mission of empowerment and challenge mainly through our adaptive ski school, providing tailored and individualized lessons daily throughout the season.  In addition, specialty programs, such as a Special Olympics race team, backcountry hut trips, and military-oriented camps take place all winter long.  Our participants, whether a first-time stand-up skier, or a veteran trees and bumps mono-skier, benefit greatly from our professionally trained instructors who are able to properly assess the student, incorporate appropriate adaptive equipment, and provide instruction or guiding services. Summer finds TASP offering an even larger breadth of opportunities from off-road handcycle adventures set in the dramatic Moab desert, to rock climbing amongst the snowcapped peaks of Telluride.  Just as with winter programming, TASP proudly provides scholarship opportunities to those in financial need and supports local communities by providing regional-specific programming and opportunities.  As a further commitment to the community and our mission of inspiring, TASP conducts disability awareness training for local school-aged youth in order to promote awareness and educate the next generation about the limitless potentials of adaptive recreation.",https://tellurideadaptivesports.org,970-728-5010,tasp@tellurideadaptivesports.org,"Telluride, CO"
Denver Adaptive Divers,Scuba Diving,"As a Colorado 501c(3) organization, Denver Adaptive Divers provides support, education, specialized training, and dive travel to qualified individuals with physical disabilities to enable them to become an integral part of the sport of scuba diving. DAD is a leader in the Rocky Mountain Region for removing barriers for qualified individuals with physical disabilities to enable them to participate in the mobility and joy of scuba diving. Visit with the divers who have or will benefit from your generosity. Hear firsthand how your support is changing lives! Denver Adaptive Divers is a SCUBA diving training program that provides Open Water Diver certification to people with a variety of disabilities. We provide the opportunity for people with various disabilities to discover the freedom of movement under the water through SCUBA diving. DAD works with people with various disabilities, including but not limited to spinal cord injuries, Multiple Sclerosis, amputees, visually, and hearing impaired. We provide support, education, specialized training in adaptive scuba diving, and dive travel to qualified individuals with physical disabilities to enable them to become an integral part of the sport of scuba diving.",https://www.denverdivers.com/denver-adaptive-divers.htm,303-399-2877,scuba@denverdivers.com,"557 Milwaukee Street Denver, Colorado 80206"
Colorado Adaptive Sports Foundation,"Basketball, Lacrosse, Power Soccer, Sled Hockey, Adaptive Curling","The Colorado Adaptive Sports Foundation (CASF) aims to bolster independence, improve self-confidence, elevate social interaction, and enhance the quality of life through organized team sports. CASF is for people of all ages throughout Colorado who have physical disabilities including spinal cord injuries, spina-bifida, amputations, and cerebral palsy. CASF manages, promotes, and raises funds for adaptive team sports across the state of Colorado, including wheelchair basketball, sled hockey, wheelchair softball, wheelchair lacrosse, adaptive curling, and power soccer, representing over 200 adult and junior athletes. Providing these services allows the athletes and coaches for the teams represented by CASF to focus on learning, playing, and teaching their respective sports.",http://www.coloradoadaptivesports.org/,303-564-9375,info@coloradoadaptivesports.org,Colorado
Golf 4 The Disabled,Adaptive Golf,"A gateway, bringing recreational golf therapy to those with disabilities to learn and enjoy the game of golf! A place of connection, empowerment, activity, and fun for all abilities! Back in 1989, Nan Wolbert, a registered nurse, sustained a severe head injury in an automobile accident.  Looking for a recreational activity to improve her concentration and balance that she would also enjoy with her husband, she elected to give golf a try.  In the process, Nan discovered that the experience offered a renewed sense of self-confidence in life.  And the fun, friendship and improved self-esteem she found on the practice green carried over into her non-golf-related activities.  Due to her success with golf as therapy, Nan decided to offer lessons to others with disabilities!  Hence, Golf 4 The Disabled was born!",https://golf4thedisabled.org/,303-619-5568,,"Broken Tee Golf Course, 2101 W Oxford Ave, Englewood, Colorado 80110, United States"
Ignite Adaptive Sports,"Alpine Skiing, Snowboarding, Cross Country Skiing, Snowshoeing, Ski Biking","Ignite personal growth, independence, and confidence in people with disabilities in the Front Range by providing caring, safe, and fun adaptive winter Snowsports opportunities. Today, outdoor sports enthusiasts of all ages and disabilities are welcome to take part in our nationally recognized program. Our dedicated team donates between 15,000 – 20,000 hours (worth more than $350,000 according to The Independent Sector) of their time and energy each year to provide private snowsports lessons to hundreds of people living with disabilities in Colorado. This includes wounded active duty and military veterans served through a US Paralympic Military Program Ignite developed in 2009, in collaboration with the U.S. Olympic Committee. While other adaptive winter sports programs exist in Colorado, Ignite is the only comprehensive program located along the Front Range and the only program accessible by RTD’s public transportation system.",https://igniteadaptivesports.org,303-258-1166,info@igniteadaptivesports.org,"Boulder, CO"
Stable Strides,Adaptive Equestrian,"Since 1981, Stable Strides has provided horse-centered activities for individuals from the ages of two to eighty-two who have adaptive needs for the purpose of promoting positive physical, behavioral, cognitive, emotional, and social development. We serve children, teens, adults, veterans, and service members with adaptive needs through Adaptive Riding, Mental Health Services, and Physical, Occupational & Speech Therapy.",https://www.stablestrides.org,719-495-3908,connect@stablestrides.org,"13620 Halleluiah Trail Elbert, CO 80106"
Wheelchair Archery Sports Association,Archery,Wheelchair Archery Sports Association offers archery for those with disabilities.,,719-574-1150,,"Location:3595 E. Fountain Blvd. #L10 Colorado Springs, CO  80910"
