[{"name": "Adaptive Sports of Iowa\u00a0", "activities": "Baseball, Basketball, Cycling, Fitness Classes, Special Olympic Sports, Soccer, Swimming", "overview": "Courage League Sports is a non-profit adaptive sports and recreation organization that offers year-round programming for children and adults who aren\u2019t able to go full speed due to a physical, cognitive, or emotional disability", "links": "https://adaptivesportsiowa.org/", "phone": "Phone:515-421-4021", "email": "info@courageleaguesports.com", "location": "Iowa City"}, {"name": "Courage - League Sports", "activities": "Baseball, Basketball, Cycling, Fitness Classes, Special Olympic Sports, Soccer, Swimming", "overview": "Courage League Sports is a non-profit adaptive sports and recreation organization that offers year-round programming for children and adults who aren\u2019t able to go full speed due to a physical, cognitive, or emotional disability", "phone": "Phone:515-421-4021", "email": "info@courageleaguesports.com", "location": "Iowa City"}, {"name": "SportsAbility of Iowa ", "activities": "Archery, Basketball, Football, Hand Cycling, Rock Climbing, Rugby, Softball,  Track and Field, Tennis, Volleyball, Weightlifting", "overview": "SportAbility of Iowa is a nonprofit organization that provides ongoing sports and recreation programs to help people in the local community with physical disabilities to enjoy an active lifestyle.", "links": "", "phone": "1-563-212-5675", "email": "2019-board-of-directors@sportability", "location": "527 Park Lane Waterloo, IA 50702\ufeff"}, {"name": "SportsAbility of Iowa ", "activities": "Archery, Basketball, Football, Hand Cycling, Rock Climbing, Rugby, Softball,  Track and Field, Tennis, Volleyball, Weightlifting", "overview": "SportAbility of Iowa is a nonprofit organization that provides ongoing sports and recreation programs to help people in the local community with physical disabilities to enjoy an active lifestyle.", "links": "", "phone": "1-563-212-5675", "email": "2019-board-of-directors@sportability", "location": "527 Park Lane Waterloo, IA 50702\ufeff"}, {"name": "VA Central Iowa Health Care System", "activities": "\ufeff\ufeffArchery, Biking, Equine, Hiking, Pickleball, Tai Chi, Yoga, Walking", "overview": "Recreation therapy activities for enrolled outpatient veterans", "links": "https://www.centraliowa.va.gov/", "phone": "844-827-6855", "location": "\ufeff3600 30th Street Des Moines, IA 50310"}]