[{"name": "Maine Adaptive Sports and Recreation", "activities": "Cycling, Golf, Mountain Climbing, Paddling, Pickleball, Skiing, Snowboarding, Snowshoeing, Tennis", "overview": "Maine Adaptive Sports & Recreation promotes year-round education and training for individuals with disabilities in order to develop skills, enhance independence, and provide enjoyment through active recreation.", "links": "https://www.maineadaptive.org/", "phone": "207-824-2440\ufeff\ufeff", "email": "info@maineadaptive.org", "location": "8 Sundance Lane, Newry, Maine 04261"}, {"name": "New England Nordic Ski Association", "activities": "\ufeffSkiing", "overview": "Implementing educational, recreational, and competitive programs at all levels to sustain a vital and active cross-country skiing community throughout New England.\ufeff\ufeff", "links": "https://nensa.net/", "phone": "207-688-6503\ufeff", "location": "NENSA 49 Pineland Dr. Ste. 301 A New Gloucester Maine 04260"}, {"name": "Pineland Farms", "activities": "Biking, Bocce Ball, Disc golf, Hiking, Mountain Biking, Skating, Skiing, Sledding, Snowshoeing, Tennis", "overview": "Pineland Farm\u2019s VAST program promotes lifelong health and well-being for veterans with disabilities through physical activities and sports. \ufeff", "links": "https://pinelandfarms.org/recreation/", "phone": "OutdoorCenter:207-688-6599WelcomeCenter:207-688-4539", "email": "https://pinelandfarms.org/contact-directions/", "location": "15 View Drive New Gloucester, ME 04260 \ufeff"}]