[{"name": "Eagle Mount Bozeman", "activities": "Alpine Skiing, Camping, Cycling, Fishing,\rHorseback Riding, Ice Skating, Kayaking, Rock Climbing, Snowboarding,\rSnowshoeing", "overview": "Eagle Mount Bozeman endeavors to\renhance your quality of life through movement, adventure, and social events.\rThey are committed to providing quality, safe, and fun recreational\ropportunities for individuals with disabilities and people with cancer, as well\ras support for families of participants.", "links": "http://www.eaglemount.org", "phone": "406-\r586-1781", "email": "eaglemount@eaglemount.org", "location": "6901 Goldenstein Lane, Bozeman, MT 59715"}, {"name": "Eagle Mount Great Falls", "activities": "Alpine Skiing, Ballet, Bowling, Camping,\rCanoeing, Summer Camp, Gymnastics, Hiking, Horseback Riding, Ice Skating,\rKayaking, Rafting, Sled Hockey, Snowboarding", "overview": "Eagle Mount Great Falls is a\rnon-profit organization providing therapeutic and recreational activities for\rchildren and adults of all ages with physical, developmental, mental and/or\rbehavioral challenges, striving to improve the quality of life for them and\rtheir families.", "links": "http://www.eaglemount.net", "phone": "406-\r454-1449", "email": "eagle_mountgf@eaglemount.net", "location": "PO Box 2866, Great Falls, MT 59403"}, {"name": "Eagle Mount Billings", "activities": "Alpine Skiing, Cycling, Day Camp, Golf,\rHorseback Riding, Nordic Skiing, Sled Hockey, Snowboarding, Swimming", "overview": "Eagle\rMount Billings mission is to enhance the lives of individuals with disabilities\rthrough recreation and create opportunities for our participants to \u201cEmbrace\rLife without Limits\u201d", "links": "http://www.eaglemount.us", "phone": "406-\r969-2949", "email": "info@eaglemount.us", "location": "1140 16th Street W. #12,\rBillings, MT 59102"}]