[{"name": "City of Las Vegas Adaptive Recreation", "activities": "Cycling, power soccer, track and field, wheelchair basketball", "overview": "\ufeffThrough the city\u2019s Adaptive Recreation Division, community-based therapeutic recreation services provide opportunities for individuals to become and to stay active in the community. Individuals of all ages and ability levels will find a variety of recreational activities to enrich their leisure time.The City of Las Vegas Department of Leisure Services proudly supports the Americans with Disabilities Act (ADA). If you are an individual with a disability or a parent of an individual with a disability and require program modifications, please contact the program supervisor two weeks prior to the program start date. Program modifications will be made on an individual case-by-case basis.", "links": "https://www.teamusa.org/About-the-USOPC/Paralympic-Programs/Find-A-Club/Club-Search/City-of-Las-Vegas-Adaptive-Recreation", "phone": "\ufeff702-229-4796", "email": "jfoster@lasvegasnevada.gov", "location": "\ufeff749 Veterans Memorial Drive Las Vegas, NV 89101"}, {"name": "City of Reno Parks, Recreation, and Community Services", "activities": "Basketball: 775-682-9056", "overview": "\ufeffCity of Reno is now a Chapter member of Move United! Since 1956, Move United has focused on one goal: To improve the lives of wounded warriors, youth and adults with disabilities by providing sports and recreation opportunities.  Move United\u2019s mission is to provide national leadership and opportunities for individuals with disabilities to develop independence, confidence, and fitness through participation in community sports, competition, recreation, high performance sport and educational programs. Each year through our nationwide network, we serve over 70,000 youth, wounded warriors and adults through a nationwide network of over 150 community-based chapters in more than 40 states nationwide.\ufeff", "links": "https://www.reno.gov/government/departments/parks-recreation-community-services/adaptive-recreation", "phone": "General:775-334-4636Rugby:530-386-3340Basketball:775-682-9056", "email": "wolfea@reno.gov", "location": "1 E. First Street Reno, NV 89505"}, {"name": "\ufeffThe Center for Adaptive Riding\r\r", "activities": "Equestrian", "overview": "The CAR is designed to benefit individuals with a wide range of abilities. CAR\u2019s therapeutic horseback riding is for riders with varying degrees of physical, cognitive, social, emotional, and/or mental health special needs. In 2015 CAR began to outgrow their home in Washoe Valley and ultimately moved to the beautiful Horseman's Park in old southwest Reno.  At this new location, CAR became a PATH (Professional Association of Therapeutic Horsemanship) International Premier Accredited Center, which the center prides themselves on. Each year CAR continues to grow their number of riders in the therapeutic horseback riding program. In 2018, CAR piloted a grief program for children who lost a parent. This program was a great success and CAR is working to collaborate with other organizations in the community to expand this program.", "links": "https://www.adaptiveriding.org/contact.html", "phone": "775-329-1839", "email": "Info@adaptiveriding.org", "location": "HORSEMAN'S PARK 2800 Pioneer Drive \u200bReno, NV 89509"}, {"name": "High Rollers Adaptive Sports Foundation", "activities": "Wheelchair rugby", "overview": "\ufeffThe High Rollers foundation acts as both the booster and club for Las Vegas High Rollers Wheelchair Rugby. Through their backpack outreach program, they provide support and resources to help ease the transition for those who have sustained permanently disabling injuries.\ufeff", "links": "https://high-rollers-foundation.org/sports/", "phone": "702-372-9622", "email": "info@high-rollers-foundation.org", "location": "2300 Bay Hill Drive, Las Vegas, NV 89117"}, {"name": "The City of Henderson Adaptive Sports ", "activities": "Basketball, power soccer, tennis", "overview": "\ufeffLink: https://www.cityofhenderson.com/henderson-happenings/program-and-classes/overview", "links": "https://www.cityofhenderson.com/henderson-happenings/program-and-classes/overview", "phone": "702-267-4065", "location": "298 Arroyo Grande Blvd. Henderson, NV 89014"}]