[{"name": "Adaptive Golfers ", "activities": "Golf", "overview": "Adaptive Golfers help you find the answers and create the golf game you want. Adaptive Golfers has experienced instructors, manufacturers, and organizations working day in and day out on helping people with challenges discover the wonders and therapeutic values of golf.", "links": "https://www.adaptivegolfers.org/home.html", "phone": "(973)632-1321", "email": "Email: gianna@adaptivegolfers.org", "location": "23 Stoneybrook Ln. Oak Ridge, NJ 07438"}, {"name": "Adaptive Golfers", "activities": "Golf", "overview": "Adaptive Golfers help you find the answers and create the golf game you want. Adaptive Golfers has experienced instructors, manufacturers, and organizations working day in and day out on helping people with challenges discover the wonders and therapeutic values of golf.", "links": "https://www.adaptivegolfers.org/home.html", "phone": "(973)632-1321", "email": "Email: gianna@adaptivegolfers.org", "location": "23 Stoneybrook Ln. Oak Ridge, NJ 07438"}, {"name": "Adaptive Sports Program at Mountain Creek (ASPMC)", "activities": "Stand-up ski, snowboard, bi-ski, or mono-ski", "overview": "The Mission of Adaptive Sports Program at Mountain Creek (ASPMC) is to provide alpine ski and snowboard lessons to individuals with physical and/or developmental disabilities guided by a qualified instructor. The focus of ASPMC is to provide an individualized instructional program that is safe, fun, and dedicated to providing instruction to special athletes with all types of disabilities.", "links": "https://www.mountaincreek.com/adaptive-sports-program", "phone": "(973)827-2000", "email": "info@mountaincreek.com", "location": "200 Route 94 Vernon, NJ 07462"}, {"name": "Children's Lightning Wheels\u2014 Children's Specialized Hospital Program ", "activities": "Archery, Swimming, Track and Field", "overview": "Children\u2019s Lightning Wheels, a Paralympic Sports Club, sponsored by Children\u2019s Hospital, is a sports team for athletes ages 5-22.", "links": "childrens-specialized.org/lightning-wheels", "phone": "908-301-5424", "email": "tyurochko@childrens-specialized.org", "location": "150 New Providence Road Mountainside, NJ 07092"}, {"name": "Navigators Adaptive Sports", "activities": "Track and field, swimming, archery, triathlon/ road racing", "overview": "NASC is a life changing, volunteer-driven nonprofit that creates weekly, multi-sport programs for children and young adults with disabilities. We provide community and support for all of our members. For our elite athletes, we train, qualify them and compete, providing all the required equipment and resources at no cost.", "links": "https://www.navigatorsadaptivesports.com/", "phone": "(908)325-5052", "email": "Naviadaptivesports@gmail.com", "location": "Bayonne, NJ"}, {"name": "North New Jersey Navigators ", "activities": "Archery, Track and Field, Swimming, Table Tennis", "overview": "The North Jersey navigators is a non-profit organization providing adaptive sports programs to help children with disabilities increase their mobility skills, social skills, and activity levels; as well as; to inspire children with disabilities to achieve and increase participation in all physical activities.", "links": "http://www.tradnj.com/scoop/njn.pdf", "phone": "201-435-1688", "location": "PO Box 1517 Bayonne, NJ 07002"}, {"name": "Power Pony Therapies", "activities": "Horseback riding", "overview": "Pony Power Therapies is a non-profit organization that uses horses and an accessible farm to enhance the physical, social and emotional well-being of children and adults who need extra support. Therapeutic horseback riding is a recreational activity that allows participants to learn basic horseback riding skills in a safe, structured, and supportive environment. Participants are paired with an instructor, two trained volunteers, and a horse to suit their individual needs. Equipment may vary as determined by Pony Power staff.", "links": "https://www.ponypowernj.org/", "phone": "(201)934-1001", "email": "info@ponypowernj.org", "location": "1170 Ramapo Valley Rd, Mahwah, NJ 07430"}]