name,activities,overview,links,phone,email,location
Global Opportunities Unlimited,"Archery, Basketball, Fishing, Hand-cycling, Isotope Baseball, Kayaking,  Skiing, Trekking ﻿",GO Unlimited is dedicated to improving the lives of people living with disabilities by creating access to adaptive sporting and outdoor adventure opportunities.,https://www.gounlimited.org/,505-480-2374,globalberg@aol.com,"Albuquerque, NM 87184"
Kayak New Mexico Inc.,Adaptive kayaking﻿,"Kayak New Mexico, Inc. was founded to improve the quality of life for people with physical or developmental disabilities or life-threatening medical conditions through recreational ‘adaptive’ kayaking. By adapting the environment, equipment, or teaching methods, we are able to accommodate most consumers into our adaptive kayaking programs. ﻿",http://www.kayaknewmexico.org/,505-980-7207,,"Albuquerque, NM"
State of New Mexico Governor’s Commission on Disability ,﻿Wheelchair Basketball ﻿,"The New Mexico Governor’s Commission on Disability (GCD) is committed to improving the quality of life of all New Mexicans with disabilities by addressing social integration, economic self-sufficiency, political resolve, physical and program accessibility, and full participation in the benefits of life and rights of all individuals.﻿",http://gcd.state.nm.us/event/wheelchair-basketball-for-youth/?instance_id=3648,,spuds@nmwheelchairsports.com,"Jewish Community Center 5520 Wyoming Blvd. NE Albuquerque, NM 87109"
Special Olympics New Mexico,"Mailing Address: 6600 Palomas NE Suite 207 Albuquerque, NM 87109","﻿Sponsors sports competitions and training for children and adults with intellectual disabilities, ages 8 and up.﻿",https://sonm.org/,505-856-0342,,
