name,activities,overview,phone,email,location,links
 Rollin’ Red Sox Wheelchair Softball,﻿﻿Wheelchair Softball,"﻿﻿We are a wheelchair softball team. We are a member of the National Wheelchair Softball Association and compete each year at the two largest wheelchair softball event, the National Wheelchair Softball Tournament and Major League Wheelchair Softball Tournament.",401-333-3056,rgend@aol.com,"New River Rd Manville, Rhode Island 02838",
Sail to Prevail,Sailing,"Sail To Prevail is a nonprofit that improves the lives of more than 1,000 children and adults, each summer, through sailing in our fleet of specially adapted, 20-foot sailboats. Our programs encourage individuals with disabilities to be active participants in the sailing experience.",401-849-8898,,"60 Fort Adams Drive Fort Adams State Park Newport, RI 02840",https://sailtoprevail.org/
Shri Service Corps,﻿Yoga﻿,"Their goal is to serve adults and children with developmental and intellectual disabilities, veterans, children in schools, hospitals, and shelters incarcerated youth, and men and women in recovery - every week.",401-441-8600,info@shriyoga.org,"Pawtucket Armory 172 Exchange Street Pawtucket, RI 02860",https://shriyoga.org/index.html
Special Olympics Rhode Island,"Alpine Skiing, Aquatics (Swimming), Basketball, Bocce, Bowling, Cross Country Skiing, Cycling, Flag Football, Football (Soccer), Golf, Nordic Skiing, Motor Activities Training Program(MATP), Powerlifting Sailing, Snowboarding, Snowshoeing, Softball, Tennis, Volleyball","The mission of Special Olympics Rhode Island is to provide year-round sports training and competition in a variety of Olympic-type sports for children and adults with intellectual disabilities, giving them continuing opportunities to develop physical fitness, demonstrate courage, experience joy, and participate in a sharing of gifts, skills, and friendship with their families, other Special Olympics athletes, and the community.",401-349-4900,info@specialolympicsri.org,"370 George Washington Highway Smithfield, RI 02917",https://www.specialolympics.org/programs/united-states/rhode-island
