[{"name": "Tennessee Association of Bling Athletes", "activities": "Cycling, Goalball, Golf", "overview": "TNABA, Tennessee Association of Blind\rAthletes, is a non-profit organization that provides sports and recreational\ractivities for blind or visually impaired men, women, and children of\rTennessee.", "links": "https://www.teamusa.org/About-the-USOPC/Paralympic-Programs/Find-A-Club/Club-Search/Tennessee-Association-of-Blind-Athletes", "phone": "615-\r390-4178", "email": "Ricky.jones@tnaba.org", "location": "P.O. Box 160185, Nashville, TN 37216"}, {"name": "Sports, Arts & Recreation of Chattanooga (SPARC)", "activities": "Alpine Skiing, Cycling, Kayaking, Paddle\rBoarding, Pontoon Boat, Running, Snowboarding, Triathlon, Tubing, Water Skiing,\rWheelchair Basketball, Wheelchair Racing, Wheelchair Tennis", "overview": "SPARC was formed by a group of\rindividuals who believed that persons, regardless of ability, should have the\ropportunity to participate in competitive and recreational activities in an\rintegrated setting.", "links": "http://www.sparctn.org/", "email": "SPARC@SPARCTN.ORG", "location": "6638 Declaration Drive, Hixson, TN 37343"}]