name,overview,links,activities,phone,email,location
Sportable,Sportable has created opportunitiesand transformed the lives of individuals with physical disabilities and visualimpairments through sport since 2005.,www.sportable.org,"Air Rifle, Archery, Basketball, Cycling,Kayaking, Lacrosse, Paratriathlon, Power Soccer, Road Racing, Rock Climbing,Rowing, Swimming, Track and Field",804-340-2991,info@sportable.org,"1365 Overbook Road, Richmond,VA 23220"
"Therapeutic Adventures, Inc.","Therapeutic Adventures exists toeducate, challenge, and inspire persons of all ages and abilities to improvefunctional independence, leadership skills, safety skills, as well as new waysto overcome the challenges associated with active participation in adaptiveoutdoor adventures.",http://www.taonline.org/,"Alpine Skiing, Canoeing, Camping, Cycling,Fishing, Hiking, Kayaking, Nordic Skiing, Rock Climbing, Sailing, Sled Hockey,Snowboarding, Wheelchair Basketball, Wheelchair Tennis",434-981-5834,info@TAonline.org,"P.O, Box 4668, Charlottesville, VA22905"
Wintergreen Adaptive Sports,Wintergreen Adaptive Sports providesoutdoor sports and recreational opportunities for persons with disabilities.,www.wintergreenadaptivesports.org,"Alpine Skiing, Canoeing, Kayaking, Snowboarding",434-325-2007,info@skiwas.org,"P.O. Box 4334 Charlottesville, VA22908"
American Canoe Association ,The American Canoe Association (ACA)is a national nonprofit organization serving the broader paddling public byproviding education related to all aspects of paddling.,https://www.americancanoe.org,"Canoeing, Kayaking, Rafting",540-907-4460,aca@americancanoe.org,"503 Sophia St. Suite 100,Fredericksburg, VA 22401"
Virginia Beach Adaptive Water Sports ,"Ourmission is to serve individuals with disabilities in our community, and theirfamilies, by offering events such as clinics, workshops and training sessionsto instruct and develop our disabled athletes and support staff.",https://vbaw.org/,Water Skiing,,https://vbaw.org/contact-us/,"Witchduck Lake 400 Baker Rd., VirginiaBeach, VA 23462"
Virginia Beach Hockey Club  ,"TheVBHC continues to serve as a Warrior Life Fund program dedicated to providing asafe, fun, and inclusive program for hockey players of all skill levels andages.  Weencourage hockey families to participate",http://www.virginiabeachhockeyclub.com/,Ice Hockey,833-935-3863,mike@warriorforlife.org,"4915 Broad St. Virginia Beach, VA 23462"
Virginia Sun Wheelers Basketball Team,"To provide support forphysically challenged athletes residing in the Hampton Roads metropolitan areato achieve their highest athletic potential in all sports at the local, state,national, and international levels.  Our focus is to assist indeveloping self-esteem, experience competitive sports, raise public awarenessof people with disabilities, and offer an environment of health and fitness atthe highest level.",https://www.vasunwheelers.org/,Wheelchair Basketball,,vasunwheelers@gmail.com,"3213 W Cheltingham Pl. Virginia Beach,VA 23452"
