name,activities,overview,links,phone,email,location
" Adaptive Action Sports, Inc.","﻿﻿Basketball, Cheerleading, Flag football, Golf, Soccer, T-ball",﻿The Youth Athletic Program (YAP) is a sports program for children (ages 5 and up) of all abilities.,https://hscsnhealthplan.org/enrollees/health-family-support-programs/youth-athletic-program,202-467-2737﻿,Email: info@adacs.org,"1101 Vermont Avenue, NW, Suite 1200 Washington, DC 20005﻿"
Metro Parks Tacoma Adaptive Recreation,"Golf, Football, Soccer, Swimming, Tennis, Volleyball",Adaptive Recreation is sports and recreation opportunities for people with physical disabilities but open to all.,https://www.metroparkstacoma.org/activities-and-sports/,253-305-1000,Email: info@tacomaparks.com,"STAR Center 3873 S 66th St Tacoma, WA 98409"
Next Step Archery,"﻿ Road Racing, Strength & Conditioning,  Track & Field, Wheelchair Basketball, Yoga﻿","﻿﻿With integrity, ParaSport Spokane will provide training and competitive athletic opportunities for youth and adults with physical disabilities that promote success, self-worth, and independence. ParaSport Spokane uses adaptive sports as a catalyst for life.",https://www.parasportspokane.org/,​509-999-6466,Email: tskinner@parasportspokane.org,"10210 E 9th Ave, Spokane WA"
Northwest Association of Blind Athletes,"﻿ Road Racing, Strength & Conditioning,  Track & Field, Wheelchair Basketball, Yoga﻿","﻿﻿With integrity, ParaSport Spokane will provide training and competitive athletic opportunities for youth and adults with physical disabilities that promote success, self-worth, and independence. ParaSport Spokane uses adaptive sports as a catalyst for life.",https://www.parasportspokane.org/,​509-999-6466,Email: tskinner@parasportspokane.org,"10210 E 9th Ave, Spokane WA"
Outdoors for All Foundation,"﻿ Road Racing, Strength & Conditioning,  Track & Field, Wheelchair Basketball, Yoga﻿","﻿﻿With integrity, ParaSport Spokane will provide training and competitive athletic opportunities for youth and adults with physical disabilities that promote success, self-worth, and independence. ParaSport Spokane uses adaptive sports as a catalyst for life.",https://www.parasportspokane.org/,​509-999-6466,Email: tskinner@parasportspokane.org,"10210 E 9th Ave, Spokane WA"
ParaSport Spokane,"﻿ Road Racing, Strength & Conditioning,  Track & Field, Wheelchair Basketball, Yoga﻿","﻿﻿With integrity, ParaSport Spokane will provide training and competitive athletic opportunities for youth and adults with physical disabilities that promote success, self-worth, and independence. ParaSport Spokane uses adaptive sports as a catalyst for life.",https://www.parasportspokane.org/,​509-999-6466,Email: tskinner@parasportspokane.org,"10210 E 9th Ave, Spokane WA"
Seattle Adaptive Sports,"﻿Wheelchair Basketball, Sled Hockey, Power Soccer, Tennis, Track & Field",Seattle Adaptive Sports empowers people with physical disabilities to push beyond their limits and reach their full potential. We believe that team sports are a powerful vehicle for personal growth & development for people with disabilities.,http://www.seattleadaptivesports.org/,206-963-0916,Email: info@seattleadaptivesports.org,1125 12th Ave #137 Seattle 98122
Seattle Wheelchair Rugby Association,﻿Wheelchair Rugby,Seattle Slam competes in the Pacific Conference of the U.S. rugby league governed by the USQRA (United States Quad Rugby Association).,https://seattleslam.org/#home,,Email: Jeremy Hannaford: CRF45029@hotmail.com,"Highland Community Center 14224 Bel-Red Road Bellevue, WA 98007"
Luke’s Rehabilitation Institute,"﻿Basketball,  Rugby, Strength & Conditioning","Through Team St. Luke’s competitive sports program, athletes of all ability levels can take part in individual and team sports.",https://www.st-lukes.org/TSL/,509-473-6000.,,"711 S. Cowley St. Spokane, WA 99202-1330"
